{
  "vocab": {
    "首": 0,
    "次": 1,
    "相": 2,
    "遇": 3,
    "多": 4,
    "项": 5,
    "讨": 6,
    "论": 7
  },
  "word_freq": {
    "首": 2,
    "次": 2,
    "相": 2,
    "遇": 2,
    "多": 2,
    "项": 2,
    "讨": 2,
    "论": 2
  },
  "idf_scores": {
    "次": -0.40546510810816444,
    "遇": -0.40546510810816444,
    "相": -0.40546510810816444,
    "多": -0.40546510810816444,
    "论": -0.40546510810816444,
    "项": -0.40546510810816444,
    "讨": -0.40546510810816444,
    "首": -0.40546510810816444
  }
}