{
  "vocab": {
    "首": 0,
    "次": 1,
    "相": 2,
    "遇": 3,
    "多": 4,
    "项": 5,
    "讨": 6,
    "论": 7
  },
  "word_freq": {
    "首": 3,
    "次": 3,
    "相": 3,
    "遇": 3,
    "多": 3,
    "项": 3,
    "讨": 3,
    "论": 3
  },
  "idf_scores": {
    "项": -0.6931471805599453,
    "讨": -0.6931471805599453,
    "相": -0.6931471805599453,
    "多": -0.6931471805599453,
    "首": -0.6931471805599453,
    "遇": -0.6931471805599453,
    "论": -0.6931471805599453,
    "次": -0.6931471805599453
  }
}